<?xml version="1.0" encoding="UTF-8"?>
<beans xmlns="http://www.springframework.org/schema/beans"
	xmlns:xsi="http://www.w3.org/2001/XMLSchema-instance"
	xmlns:context="http://www.springframework.org/schema/context"
	xsi:schemaLocation="http://www.springframework.org/schema/beans http://www.springframework.org/schema/beans/spring-beans-4.3.xsd
		http://www.springframework.org/schema/context http://www.springframework.org/schema/context/spring-context-4.3.xsd">
		

<bean id="emp" class="com.cg.bean.Employee">
         <property name="employeeId" value="1234"/>
         <property name="employeeName" value="Harish"/>
         <property name="salary" value="90000"/>
</bean>
<bean id="emp1" class="com.cg.bean.Employee">
 <property name="employeeId" value="12356"/>
         <property name="employeeName" value="Divya"/>
         <property name="salary" value="100000"/>
</bean>

<bean id="sb" class="com.cg.bean.SBU">
 
<property name="sbuCode" value="00012"/>
   <property name="sbuName" value="IT"/>
   <property name="sbuHead" value="Varsha"/>
   <property name="empList">
     <list>
       <ref bean="emp"/>
       <ref bean="emp1"/>
     </list>
   </property>  
   
   

</bean>
		
		
		
</beans>		